File,Line,Broken URL,Suggested Replacement,Notes
/app/anchor-text/page.tsx,17,https://www.linkio.com/wp-content/uploads/2023/03/anchor-text-guide-featured.png,,HTTP 404
/app/anchor-text/page.tsx,95,https://www.linkio.com/wp-content/uploads/2023/03/anchor-text-types-breakdown.png,,HTTP 404
/app/anchor-text/page.tsx,179,https://www.linkio.com/wp-content/uploads/2023/03/domain-type-anchor-strategies.png,,HTTP 404
/app/anchor-text/page.tsx,312,https://www.linkio.com/wp-content/uploads/2023/03/natural-anchor-text-examples.png,,HTTP 404
/app/anchor-text/page.tsx,380,https://www.linkio.com/wp-content/uploads/2023/03/anchor-text-implementation-timeline.png,,HTTP 404
/app/best-content-seo-tools/page.tsx,17,https://www.linkio.com/wp-content/uploads/2024/02/best-content-seo-tools-featured.png,,HTTP 404
/app/best-content-seo-tools/page.tsx,95,https://www.linkio.com/wp-content/uploads/2024/02/onpage-vs-offpage-seo.png,,HTTP 404
/app/best-content-seo-tools/page.tsx,447,https://www.linkio.com/wp-content/uploads/2024/02/seo-tools-comparison.png,,HTTP 404
/app/best-email-finders/page.tsx,17,https://www.linkio.com/wp-content/uploads/2024/03/best-email-finders-featured.png,,HTTP 404
/app/best-email-finders/page.tsx,127,https://www.linkio.com/wp-content/uploads/2024/03/hunter-email-finder-interface.png,,HTTP 404
/app/best-email-finders/page.tsx,260,https://www.linkio.com/wp-content/uploads/2024/03/email-finder-tools-comparison.png,,HTTP 404
/app/best-email-finders/page.tsx,486,https://www.linkio.com/wp-content/uploads/2024/03/email-finder-pricing-comparison.png,,HTTP 404
/app/best-email-finders/page.tsx,692,https://www.linkio.com/wp-content/uploads/2024/03/best-email-finder-features.png,,HTTP 404
/app/best-guest-posting-services/page.tsx,17,https://www.linkio.com/wp-content/uploads/2024/01/best-guest-posting-services-featured-image.png,,HTTP 404
/app/best-rank-tracking-tools-local-businesses/page.tsx,17,https://www.linkio.com/wp-content/uploads/2024/04/best-rank-tracking-tools-local-businesses-featured.png,,HTTP 404
/app/best-rank-tracking-tools-local-businesses/page.tsx,71,https://www.linkio.com/wp-content/uploads/2024/04/local-search-statistics.png,,HTTP 404
/app/best-rank-tracking-tools-local-businesses/page.tsx,279,https://www.linkio.com/wp-content/uploads/2024/04/rank-tracking-tools-comparison.png,,HTTP 404
/app/best-seo-books-recommended-by-pros/page.tsx,17,https://www.linkio.com/wp-content/uploads/2024/05/best-seo-books-featured.png,,HTTP 404
/app/best-seo-books-recommended-by-pros/page.tsx,166,https://www.linkio.com/wp-content/uploads/2024/05/seo-books-collection.png,,HTTP 404
/app/best-seo-books-recommended-by-pros/page.tsx,417,https://www.linkio.com/wp-content/uploads/2024/05/seo-learning-progression.png,,HTTP 404
/app/best-seo-newsletters/page.tsx,17,https://www.linkio.com/wp-content/uploads/2023/09/best-seo-newsletters-featured-image.png,,HTTP 404
/app/broken-link-building-guide/page.tsx,16,https://www.linkio.com/wp-content/uploads/2024/02/broken-link-building-guide.jpg,,HTTP 404
/app/easy-backlinks-simple-strategies/page.tsx,17,https://www.linkio.com/wp-content/uploads/2024/01/easy-backlinks-featured-image.png,,HTTP 404
/app/easy-backlinks-simple-strategies/page.tsx,83,https://www.linkio.com/wp-content/uploads/2024/01/easy-vs-difficult-backlinks.png,,HTTP 404
/app/easy-backlinks-simple-strategies/page.tsx,406,https://www.linkio.com/wp-content/uploads/2024/01/infographic-example.png,,HTTP 404
/app/ecommerce-seo-case-study/page.tsx,16,https://www.linkio.com/wp-content/uploads/2020/08/ecommerce-seo-case-study.jpg,,HTTP 404
/app/follow-up-email/page.tsx,17,https://www.linkio.com/wp-content/uploads/2021/05/follow-up-email-guide-featured-image.png,,HTTP 404
/app/googles-latest-algorithm-updates/page.tsx,17,https://www.linkio.com/wp-content/uploads/2023/03/google-algorithm-updates-featured-image.png,,HTTP 404
/app/how-to-find-email-addresses/page.tsx,16,https://www.linkio.com/wp-content/uploads/2024/03/how-to-find-email-addresses.jpg,,HTTP 404
/app/how-to-get-high-authority-backlinks/page.tsx,16,https://www.linkio.com/wp-content/uploads/2024/01/high-authority-backlinks-guide.jpg,,HTTP 404
/app/how-to-sort-and-filter-link-prospects/page.tsx,16,https://www.linkio.com/wp-content/uploads/2021/03/sorting-link-prospects-fi-1024x536.png,,HTTP 404
/app/how-to-sort-and-filter-link-prospects/page.tsx,87,https://www.linkio.com/wp-content/uploads/2021/03/linked-domains.png,,HTTP 404
/app/how-to-sort-and-filter-link-prospects/page.tsx,111,https://www.linkio.com/wp-content/uploads/2021/03/spoiler.png,,HTTP 404
/app/how-to-sort-and-filter-link-prospects/page.tsx,160,https://www.linkio.com/wp-content/uploads/2021/03/trash-urls.png,,HTTP 404
/app/how-to-sort-and-filter-link-prospects/page.tsx,233,https://www.linkio.com/wp-content/uploads/2021/03/link-juice-calculation.png,,HTTP 404
/app/how-to-write-listicles/page.tsx,17,https://www.linkio.com/wp-content/uploads/2024/03/how-to-write-listicles-featured.png,,HTTP 404
/app/how-to-write-listicles/page.tsx,158,https://www.linkio.com/wp-content/uploads/2024/03/listicle-examples-comparison.png,,HTTP 404
/app/how-to-write-listicles/page.tsx,647,https://www.linkio.com/wp-content/uploads/2024/03/listicle-writing-process.png,,HTTP 404
/app/link-building-costs/page.tsx,17,https://www.linkio.com/wp-content/uploads/2023/03/link-building-costs-featured-image.png,,HTTP 404
/app/link-building-costs/page.tsx,94,https://www.linkio.com/wp-content/uploads/2023/03/link-building-price-ranges.png,,HTTP 404
/app/link-building-costs/page.tsx,224,https://www.linkio.com/wp-content/uploads/2023/03/domain-rating-pricing.png,,HTTP 404
/app/link-building-costs/page.tsx,395,https://www.linkio.com/wp-content/uploads/2023/03/inhouse-vs-agency-comparison.png,,HTTP 404
/app/link-disavows-good-or-bad/page.tsx,16,https://www.linkio.com/wp-content/uploads/2022/10/Link-Disavows-Good-or-Bad.png,,HTTP 404
/app/seo-case-study/page.tsx,16,https://www.linkio.com/wp-content/uploads/2017/09/seo-case-study-featured-image.jpg,,HTTP 404
/app/seo-case-study/page.tsx,69,https://www.linkio.com/wp-content/uploads/2017/09/linkio-backlink-profile-month-1.png,,HTTP 404
/app/seo-case-study/page.tsx,106,https://www.linkio.com/wp-content/uploads/2017/10/linkio-month-2-traffic.png,,HTTP 404
/app/seo-case-study/page.tsx,131,https://www.linkio.com/wp-content/uploads/2017/11/linkio-month-3-rankings.png,,HTTP 404
/app/seo-case-study/page.tsx,158,https://www.linkio.com/wp-content/uploads/2018/03/linkio-month-7-10-growth.png,,HTTP 404
/app/seo-case-study/page.tsx,193,https://www.linkio.com/wp-content/uploads/2018/08/linkio-month-12-breakthrough.png,,HTTP 404
/app/seo-case-study/page.tsx,221,https://www.linkio.com/wp-content/uploads/2018/12/linkio-final-results.png,,HTTP 404
/app/seo-tutorial/page.tsx,17,https://www.linkio.com/wp-content/uploads/2020/01/seo-tutorial-guide-featured.png,,HTTP 404
/app/seo-tutorial/page.tsx,90,https://www.linkio.com/wp-content/uploads/2020/01/what-is-seo-definition.png,,HTTP 404
/app/seo-tutorial/page.tsx,174,https://www.linkio.com/wp-content/uploads/2020/01/what-google-wants-quality-content.png,,HTTP 404
/app/seo-tutorial/page.tsx,345,https://www.linkio.com/wp-content/uploads/2020/01/anchor-text-types-examples.png,,HTTP 404
/app/seo-tutorial/page.tsx,446,https://www.linkio.com/wp-content/uploads/2020/01/google-user-metrics-signals.png,,HTTP 404
/app/seo-tutorial/page.tsx,617,https://www.linkio.com/wp-content/uploads/2020/01/website-speed-optimization-tips.png,,HTTP 404
/app/seo-tutorial/page.tsx,796,https://www.linkio.com/wp-content/uploads/2020/01/rankbrain-user-signals.png,,HTTP 404
/app/seo-tutorial/page.tsx,894,https://www.linkio.com/wp-content/uploads/2020/01/backlink-quality-factors.png,,HTTP 404
/app/seo-tutorial/page.tsx,998,https://www.linkio.com/wp-content/uploads/2020/01/schema-markup-examples.png,,HTTP 404
/app/seo-webinars/page.tsx,65,https://www.linkio.com/wp-content/uploads/2020/12/maxresdefault-39.jpg,,HTTP 404
/app/seo-webinars/page.tsx,93,https://www.linkio.com/wp-content/uploads/2020/12/maxresdefault-40.jpg,,HTTP 404
/app/seo-webinars/page.tsx,123,https://www.linkio.com/wp-content/uploads/2020/12/maxresdefault-41.jpg,,HTTP 404
/app/seo-webinars/page.tsx,165,https://www.linkio.com/wp-content/uploads/2020/12/maxresdefault-34.jpg,,HTTP 404
/app/seo-webinars/page.tsx,200,https://www.linkio.com/wp-content/uploads/2020/12/maxresdefault-35.jpg,,HTTP 404
/app/seo-webinars/page.tsx,222,https://www.linkio.com/wp-content/uploads/2020/12/maxresdefault-36.jpg,,HTTP 404
/app/seo-webinars/page.tsx,244,https://www.linkio.com/wp-content/uploads/2020/12/maxresdefault-42.jpg,,HTTP 404
/app/seo-webinars/page.tsx,426,https://www.linkio.com/wp-content/uploads/2020/12/maxresdefault-38.jpg,,HTTP 404