,,,,,
Page URL,Anchor,Target URL,Modification,Status,Requester
https://www.linkio.com/how-to-create-a-content-marketing-strategy-for-ecommerce/,Anchor: Marketing planning software,https://niftypm.com/blog/marketing-planning-software/,,✅ COMPLETED,susan
https://www.linkio.com/social-media-link-building/,Anchor: free reminder app,https://niftypm.com/blog/best-free-reminder-apps,,✅ COMPLETED,susan
https://www.linkio.com/link-prospecting/,reverse image search,https://imagetotext.me/reverse-image-search,,✅ COMPLETED,susan
https://www.linkio.com/social-media-link-building,do my homework,https://writepaper.com/do-my-homework,"After this: That's why building relationships with influencers should have a special place in your business plan.
Add this: When you need help with your business plan, remember you can always rely on experts to 'do my homework.",✅ COMPLETED,susan
https://www.linkio.com/how-to-use-seo-to-improve-conversion-rate,specialized healthcare information,https://www.medesk.net/en/blog/who-owns-patients-medical-records/,,✅ COMPLETED,mahvish
https://www.linkio.com/best-link-building-services,Jeenam,jeenaminfotech.com/,"Jeenam is a link-building agency that has been around since 2020 and provides long-term solutions to 50+ different companies and organizations throughout the world.
20 link building experts, each with 5+ years of experience in Digital Marketing, website building, and marketing.
Specializing in driving online business growth through effective link-building strategies.
They offer a broad spectrum of expertise, from digital marketing to website development.
Established as a reliable partner in the digital world with a history of successful outcomes.",✅ COMPLETED,aavy
https://www.linkio.com/best-blogger-outreach-services,outsource link-building,https://linkdune.com/link-building/,"After this: If you have the budget, outsourcing has its benefits as well.
Add this: Many businesses choose to outsource link building because outreach companies already have processes and trained staff to act fast. They've got established connections with top bloggers, making securing quality placements easier.",✅ COMPLETED,mansha
https://www.linkio.com/how-to-create-a-content-marketing-strategy-for-ecommerce/,Delta 10 Gummies,https://deltaremedys.com/collections/delta-10-products/delta-10-gummies,"Original: Whether it's a merino wool beanie, digital gadgets, or a stylish dog collar, today's consumers crave information, and this trend directly influences how eCommerce development should be approached — with a strong focus on content creation and delivery.
Modified: Whether it's a merino wool beanie, Delta 10 Gummies, digital gadgets, or a stylish dog collar, today's consumers crave information, and this trend directly influences how eCommerce development should be approached — with a strong focus on content creation and delivery.",✅ COMPLETED,mansha
https://www.linkio.com/social-media-link-building,social media marketing agencies in los angeles ,https://inbeat.agency/blog/top-social-media-agencies-los-angeles,"after:   Mention, which specializes in monitoring brand mentions across all social media platforms and the web.

add:   Collaborating with social media marketing agencies in Los Angeles can also help maximize these interactions by implementing targeted engagement strategies backed by local market expertise.",✅ COMPLETED,dm
https://www.linkio.com/why-every-business-needs-a-website/,mentoring software,https://www.qooper.io/mentoring-software,,✅ COMPLETED,susan
https://www.linkio.com/how-to-increase-domain-authority,https://www.tecla.io/network/hire-nearshore-frontend-developers,nearshore frontend developers,"After this: In software testing, regularly checking website performance and reliability goes hand in hand with monitoring key SEO metrics.
Add this: At the same time, working with nearshore frontend developers can help you implement the technical improvements needed to boost site performance and support stronger SEO outcomes.",✅ COMPLETED,susan
https://www.linkio.com/top-10-link-building-techniques,Growth Partners Media,https://growthpartners.online/,"After:
For example, if you're trying to market a fishing gear shop online, you may want to collaborate with outdoor lifestyle sites, or the blogs of companies that offer camping equipment.
Add:
On the other hand, if you're looking to scale guest posting without sacrificing quality, agencies like Growth Partners Media specialize in white hat link building through guest posts, niche edits, and community-driven placements. This is the most reliable way to earn backlinks from highly relevant, high-authority sites.",✅ COMPLETED,tamara
https://www.linkio.com/why-every-business-needs-a-website/,Otto AI,https://joinotto.com/invoicing,"Otto AI is an intelligent invoicing software designed to help freelancers and small businesses generate professional invoices effortlessly—no matter where they are in the world. With features like multi-currency support, global tax compliance, smart templates, and automation, Otto AI streamlines your billing process with the power of AI. Whether you're working remotely or managing clients across borders, Otto helps you get paid faster and smarter.",✅ COMPLETED - Relocated from /best-blogs/finance-blogs-to-follow/ (page doesn't exist),rachael
https://www.linkio.com/how-to-create-a-content-marketing-strategy-for-ecommerce/,UGC creators,https://influee.co/,"Text before: To maximize reach, businesses should repurpose content across multiple channels, experiment with different formats, and engage with their audience actively.
Text after: To maximize reach, businesses should repurpose content across multiple channels, experiment with different formats, and engage with their audience actively. Partnering with UGC creators can also help brands build trust and extend their message through authentic, relatable content.",✅ COMPLETED,angel
https://www.linkio.com/why-every-business-needs-a-website/,client portal,https://www.osuria.com/blog/what-is-web-portal-types-and-examples/,,✅ COMPLETED,sanj
https://www.linkio.com/why-every-business-needs-a-website/,optimize cloud costs,https://cloudchipr.com/blog/cloud-cost-optimization,"After this: If you're exploring Cloudflare alternatives, consider other services that provide robust performance and security features to ensure smooth and secure website operations.Add this: As your infrastructure scales, it's also important to optimize cloud costs to maintain performance without overspending on unnecessary resources.",✅ COMPLETED,sanj
https://www.linkio.com/why-every-business-needs-a-website/,budgeting software for business,https://www.drivetrain.ai/solutions/business-budgeting-planning-software,"After this: To fully realize this ROI, effective project budget management is crucial in ensuring that the resources allocated to building and maintaining a website are used efficiently.Add this: Using budgeting software for business can further streamline cost tracking and prevent overspending at every stage of development.",✅ COMPLETED,sanj