Index,Folder,Title,URL,Images,Status,Error
1,001-resource-page-link-building-guide,"Resource Page Link Building",https://www.linkio.com/resource-page-link-building-guide/,11,success,""
2,002-best-citation-building-services,"Best Citation Building Services (30+ Reviewed)",https://www.linkio.com/best-citation-building-services/,46,success,""
3,003-link-disavows-good-or-bad,"Link Disavows Good or Bad?",https://www.linkio.com/link-disavows-good-or-bad/,10,success,""
4,004-how-to-sort-and-filter-link-prospects,"How to Sort and Filter Link Prospects",https://www.linkio.com/how-to-sort-and-filter-link-prospects/,79,success,""
5,005-seo-case-study,"SEO Case Study (Building An Authority Site)",https://www.linkio.com/seo-case-study/,52,success,""
6,006-seo-proposal,"How to Make An SEO Proposal (+ Templates)",https://www.linkio.com/seo-proposal/,10,success,""
7,007-best-guest-posting-services,"Best Guest Posting Services (50 Agencies Reviewed)",https://www.linkio.com/best-guest-posting-services/,19,success,""
8,008-googles-latest-algorithm-updates,"Understanding Google’s Latest  Algorithm Updates: What You Need to Know",https://www.linkio.com/googles-latest-algorithm-updates/,9,success,""
9,009-best-seo-newsletters,"Best SEO Newsletters (We Subscribed to Them All)",https://www.linkio.com/best-seo-newsletters/,54,success,""
10,010-follow-up-email,"How to Follow up on an Email (What Gurus Forgot to Mention)",https://www.linkio.com/follow-up-email/,80,success,""
11,011-email-outreach-templates,"Cold Email Outreach Templates For Link Building",https://www.linkio.com/email-outreach-templates/,15,success,""
12,012-link-building-costs,"Link Building Costs",https://www.linkio.com/link-building-costs/,10,success,""
13,013-simple-backlink-strategies,"Easy Backlinks: 7 Simple Ways to Get Them In 2023",https://www.linkio.com/simple-backlink-strategies/,15,success,""
14,014-best-content-seo-tools,"Best Content SEO Tools",https://www.linkio.com/best-content-seo-tools/,19,success,""
15,015-how-to-write-listicles,"How To Write Winning Listicles That People Will Actually Read",https://www.linkio.com/how-to-write-listicles/,16,success,""
16,016-best-rank-tracking-tools-for-local-businesses-what-actually-matters,"Best Rank Tracking Tools for Local Businesses: What Actually Matters?",https://www.linkio.com/best-rank-tracking-tools-for-local-businesses-what-actually-matters/,9,success,""
17,017-the-best-books-to-learn-seo-recommended-by-pros,"The Best Books To Learn SEO Recommended by Pros",https://www.linkio.com/the-best-books-to-learn-seo-recommended-by-pros/,10,success,""
18,018-edu-link-building-guide,".EDU Link Building with Scholarships",https://www.linkio.com/edu-link-building-guide/,15,success,""
19,019-anchor-text,"Anchor Text Optimization for Link Building",https://www.linkio.com/anchor-text/,10,success,""
20,020-seo-tutorial,"Search Engine Optimization Tutorial (An Introduction to SEO)",https://www.linkio.com/seo-tutorial/,17,success,""
21,021-best-email-finders,"Best Email Finders (Free & Paid)",https://www.linkio.com/best-email-finders/,38,success,""
22,022-ecommerce-seo-case-study,"Ecommerce SEO Case Study",https://www.linkio.com/ecommerce-seo-case-study/,43,success,""
23,023-how-to-get-high-authority-backlinks,"How to Get Backlinks From High Authority Sites? (Step-By-Step Guide)",https://www.linkio.com/how-to-get-high-authority-backlinks/,18,success,""
24,024-how-to-find-email-addresses,"How to Find Email Addresses (2K+ Free Credits Inside)​",https://www.linkio.com/how-to-find-email-addresses/,52,success,""
25,025-broken-link-building-guide,"Broken Link Building Guide",https://www.linkio.com/broken-link-building-guide/,10,success,""
26,026-best-directory-submission-services,"Best Directory Submission Services",https://www.linkio.com/best-directory-submission-services/,46,success,""
27,027-how-to-track-multiple-vehicles-with-vehicle-tracking-software,"How to Track Multiple Vehicles With Vehicle Tracking Software?",https://www.linkio.com/how-to-track-multiple-vehicles-with-vehicle-tracking-software/,7,success,""
28,028-best-link-building-services,"Best Link Building Services (50+ Agencies Reviewed)",https://www.linkio.com/best-link-building-services/,83,success,""
29,029-using-seo-for-lead-generation-everything-you-need-to-know,"Using SEO For Lead Generation – Everything You Need To Know",https://www.linkio.com/using-seo-for-lead-generation-everything-you-need-to-know/,21,success,""
30,030-guide-to-grow-your-blogs-audience-in-2023,"The Definitive Guide To Growing Your Blog’s Audience in 2023",https://www.linkio.com/guide-to-grow-your-blogs-audience-in-2023/,9,success,""
31,031-how-to-use-seo-to-improve-your-conversion-rate,"How To Use SEO To Improve Your Conversion Rate",https://www.linkio.com/how-to-use-seo-to-improve-your-conversion-rate/,17,success,""
32,032-best-blogger-outreach-services,"Best Blogger Outreach Services",https://www.linkio.com/best-blogger-outreach-services/,16,success,""
33,033-how-to-create-link-bait,"How to Create Link Bait (+ Linkable Asset Examples)",https://www.linkio.com/how-to-create-link-bait/,10,success,""
34,034-top-seo-agencies,"Top SEO Agencies (10 Best Ranked)",https://www.linkio.com/top-seo-agencies/,34,success,""
35,035-how-to-write-email-outreach-pitch,"How To Write an Email Outreach Pitch That Gets Approved",https://www.linkio.com/how-to-write-email-outreach-pitch/,80,success,""
36,036-top-10-link-building-techniques,"Top 10 White Hat Link Building Techniques",https://www.linkio.com/top-10-link-building-techniques/,12,success,""
37,037-link-building-outreach-subject-lines,"How to Create Link Building Outreach Subject Lines That Get Opened",https://www.linkio.com/link-building-outreach-subject-lines/,14,success,""
38,038-how-to-create-a-content-marketing-strategy-for-ecommerce,"How to Create a Content Marketing Strategy for eCommerce",https://www.linkio.com/how-to-create-a-content-marketing-strategy-for-ecommerce/,9,success,""
39,039-link-prospecting,"Link Prospecting (How to Find Link Building Prospects)",https://www.linkio.com/link-prospecting/,42,success,""
40,040-social-media-link-building,"How To Use Social Media Properly To Build Quality Links?",https://www.linkio.com/social-media-link-building/,12,success,""
41,041-from-zero-to-breakthrough-the-marketing-tactic-that-made-it-happen,"From Zero to Breakthrough: The Marketing Tactic That Made It Happen",https://www.linkio.com/from-zero-to-breakthrough-the-marketing-tactic-that-made-it-happen/,7,success,""
42,042-youtube-seo,"YouTube SEO 101: A Quick Guide",https://www.linkio.com/youtube-seo/,10,success,""
43,043-how-to-plan-software-project-with-seo,"Planning SEO strategies for a Software Project",https://www.linkio.com/how-to-plan-software-project-with-seo/,22,success,""
44,044-how-to-increase-domain-authority,"How to Increase Domain Authority",https://www.linkio.com/how-to-increase-domain-authority/,14,success,""
45,045-how-startups-are-winning-with-real-tactics-that-actually-convert,"How Startups Are Winning with Real Tactics That Actually Convert",https://www.linkio.com/how-startups-are-winning-with-real-tactics-that-actually-convert/,7,success,""
46,046-best-digital-marketing-tips-from-experts,"Best Digital Marketing Tips From Experts",https://www.linkio.com/best-digital-marketing-tips-from-experts/,10,success,""
47,047-how-to-choose-the-best-seo-software-for-your-business,"How to Choose the Best SEO Software for Your Business",https://www.linkio.com/how-to-choose-the-best-seo-software-for-your-business/,7,success,""
48,048-the-role-of-ai-in-seo-and-link-building,"The Role of AI in SEO and Link Building",https://www.linkio.com/the-role-of-ai-in-seo-and-link-building/,12,success,""
49,049-blogger-outreach-strategies,"Blogger Outreach Strategies (and If They Really Work)",https://www.linkio.com/blogger-outreach-strategies/,125,success,""
50,050-why-every-business-needs-a-website,"Why Every Business Needs a Website",https://www.linkio.com/why-every-business-needs-a-website/,9,success,""